CLAIM_ID	Current wording	Original/source wording	Docs	Status	Evidence	Experiment artifact	Code path	Contract version	Evidence strength	Allowed scope	Forbidden wording	Known counterevidence	Needs follow-up?
C001	역할분리 2x2 1차판정: LL/LS 는 SHAPING 무력화율에서 hold 기준(Wilson 상한 0.0128)을 못 넘었다 (0/861, 상한 걸린 음성). SL/H_fin 은 검정 불가였다	"어느 역할도 못 넘었다" (§8.1)	docs/48 §8.1-8.2, docs/49 §8.4	DOWNGRADED	15런 x 500k, n=861/팔	results/m4_roles/*, roles_split --aggregate	mission_rollout regime 분해 + Wilson (shepherd/stats.py); 판정 P59	legacy (M2 frozen, w_kill 0.5, A2)	intervention (풀링 Wilson)	LL·LS 한정 음성 + "SHAPING 지표는 판별력 없음(SS 도 0/297)" 을 반드시 병기	"어느 역할을 학습시켜도 SS 를 못 넘는다"(SL 미검정); "SHAPING 구간에서 학습이 실패했다"(천장도 0)	docs/49 §8.4: SS 자신도 0/297 -> 지표 무판별	no
C002	(철회) LL 이 하드킬로 도피한다는 서술은 데이터에 하드킬이 0 이므로 철회됨. 비손실 0.80 은 0/0 퇴화값 평균	"발사가 망가지면 정책이 하드킬로 도피한다"; "정책은 스파인을 깨는 하드킬로 도망간다"	docs/48 정정9 §8.3, docs/50 §1.3(철회), ★docs/50 §5(B):183 잔존	RETRACTED	시드별 재검: LL s3 무력화 0/300, HARD_KILL 0	results/m4_roles/LL_*	nondestructive_frac = k/max(k+HK,1) (mission_rollout 집계)	legacy	exact replay (시드별 분해)	"LL 시드 1개가 완전 붕괴(0/300), 하드킬은 0" 만 허용	"하드킬 도피/대체 경로"; 비손실 0.80 을 하드킬 비율로 인용	docs/48 §8.3 시드 표	no — docs/50:183 잔존 문구 정정 완료 (2026-08-08, G04 해소)
C003	학습 열세의 결손은 발사 비트가 아니라 조준축이다: 관측은 충분(AUC 1.000, obs[60] 단일임계), 발사 비트는 게이트를 봄(AUC 0.57~0.995), 학습 조준은 게이트 개방률을 0.61x(SL)/0.23x(LL) 로 낮춘다	docs/48 §10-12	docs/48 §10-12, docs/50 §1	ACTIVE	fire_audit --probe/--policy/--aim, 6런 전부 방향 일치	fire_audit 출력 (P63 계열 테스트)	shepherd/scripts/fire_audit.py; obs[60]=v_shot_soft 채널; scripted aim=unit(nc-p_fin)	legacy	intervention(paired 궤적) + off-policy 진단	SL 수치(-35~42%)가 믿을 줄; LL 은 분포 밖이라 방향만	"발사 학습이 문제다"(§11 이 반증); LL 수치를 정량 인용	§12.2 off-policy 한계	no
C004	BC 보조손실(BCa)은 조준 격차의 24.5% 회복(4/5 시드 양), BCw 는 실패(-8.6%); 게이트 개방률과 성적이 양방향 같은 부호로 동조 — 매개는 관측됨(유의성 주장 없음)	docs/49 §8	docs/49 §8.1-8.6	ACTIVE	10런 x 500k + 기존 SL 대조	results/m4_roles/SL-BC*	train/bc_aim.py, mappo.py bc_lambda; 판정 fire_audit --aim gate_open_rate	legacy	intervention (조준만 다른 paired 팔)	"조준이 성적을 만든다"는 관측으로 기술; 1차 통과선(0.035) 미달 명기	"BC 로 조준 회복 완료"; "유의하다"(n=5 시드)	H_bc/H_rec 미통과 (docs/49 §8.1)	no
C005	(철회) "성형 채널이 구조적으로 무력하다" 는 도달가능집합 감사(SHAPING 111/122 접촉 가능)로 반증되어 철회됨	"1.2초 내 도달 불가 -> 성형 채널이 구조적으로 무력"	docs/52 §1(철회 문서), docs/50 §3 5번째; 원문 잔존 = review_prompt_shaping_channel.md:48	RETRACTED	contact_reachability n=200	results/contact_reachability.json	shepherd/scripts/contact_reachability.py; viability._feasible_limiter	legacy	necessary condition (낙관적)	철회 사실 자체만 인용	"구조적으로/물리적으로 무력·불가능" (인증 전 금지)	docs/52 §4	no (prompt 파일은 historical artifact)
C006	hold 궤적 기준 낙관적 접촉 도달성 검사에서 SHAPING 111/122 이 성형 영향관 접근 가능 — 단일 접촉 도달성만, 성공 상한 아님	docs/52 §4	docs/52 §4, §4.3, §5	ACTIVE	n=200 해석 검사	results/contact_reachability.json	contact_reachability.py (r_i(t) piecewise + r_shape 0.75)	legacy	necessary condition	"접촉 회랑 후보 존재" 까지; 낙관성 3종 병기	"성형 성공률 상한 91%"; "91% 판에서 NET_CAPTURE 가능"	§4.3: bad-tube 도달성과 별개	no
C007	SHAPING_NEEDED 라벨은 성형 필요성 분류이지 난도 축이 아니다 (a_lim = 0.35 x a_att 결합으로 SHAPING 판이 오히려 접근 쉬움)	docs/52 §4.1	docs/52 §4.1	ACTIVE	regime 별 a_lim 분해	results/contact_reachability.json	m4_config.py:198 CAPABILITY_RATIOS ("physics.a_lim_max": 0.35 x a_att)	legacy~v3 (비율 유지)	observation + 코드 확인	논문에서 SHAPING 성능을 "더 어려운 구간" 으로 부르지 않기	"SHAPING = 어려운 구간"	—	no
C008	성공 술어 = 선택적 압축: clean capture <=> (not boxed_in) ∧ v_shot_worst>=1 (발사 시점 동결). 봉쇄(boxed_in)는 포획이 아니다	docs/52 §1.2(철회2), §3.5	docs/52 §1.2·§3.5, docs/53 §0	ACTIVE	코드 판독 + R4 SPLIT	—	env.py:320 (_pending_capture), :292 clean_crossed; viability.py:186-201/441-457 (boxed -> v_soft=1.0 대리값)	all	exact (코드 계약)	봉쇄 최적화(min N_feasible)는 틀린 목적함수라는 규율 포함	"모든 탈출구 봉쇄 = 성공"	—	no
C009	robust-clean certificate(전 탈출을 net 안에)는 SHAPING 19판 중 witness 8, 전부 knife-edge(m_sel<=2.3cm) — Pareto frontier 의 가장 보수적 끝점 측정이며 legacy small-scale regime 한정	"clean capture 가 가능한 배치는 수 cm 폭뿐" (구판)	docs/52 §8.1b-e, docs/53 §2, docs/59 §0(재스코프)	DOWNGRADED	selective_snapshot_oracle + exact env replay	oracle 출력(세션 기록), ep9/ep30 perturbation	shepherd/scripts/selective_snapshot_oracle.py; 최종판정 env._vshot	legacy	witness + exact replay (성공측) / budget-한정 (실패측)	"발견된 witness 전부에서 반복된 구조"; 실패 11판 = NO_WITNESS_WITHIN_BUDGET	"협력 성형이 거의 불가능"; "모든 성공 배치가 수 cm"; NO_WITNESS 를 불가능으로	solver 시드 민감성 실측 (docs/52 §8.1e-1); docs/53 재해석	no
C010	고정 배치 snapshot 의 시간 support 는 흩어져 있고(연속 최대 2 tick) 인접 독립해는 v_max 초과 이동 — 연결 가능성 미검	docs/52 §8.1e	docs/52 §8.1e	ACTIVE	ep18 시각별 재최적화	세션 기록	temporal_support.py	legacy	observation (single-seed, 하한)	multi-seed 없이 support 폭 결론 금지 명기	"corridor 는 1 tick 뿐"(하한임); "연결 불가능 증명"	시드 민감성 (같은 tick no_witness 재현 실패)	no
C011	v_shot_soft 는 포획 확률이 아니다 (union 블록별 밀도 상이·확률질량 가중 없음)	docs/53 §1.2	docs/53 §1.2, docs/54 §0 #3	ACTIVE	코드 판독	—	viability.py _assemble; build_reachable_union 블록 구성	all	exact (코드 계약)	v_soft/v_worst 이중 지표로만	"v_soft=0.9 -> 90% 포획"	—	no (R3 미구현이므로 유지 감시)
C012	net miss 즉시 종료는 비준 설계(docs/29 2모드+1핸드오프) 대비 구현 비정합이었다; R2(miss_terminates=False)로 개정, 기본값은 현행(True)	docs/53 §1.1·§4.1	docs/53, docs/54 R2	ACTIVE	코드 확인 + P81/P82	tests/test_net_miss_handoff.py	env.py:356 spent_fail; env_sys.py:110 miss_terminates, :304-316 억제; fsm SPENT no-op :113	R2 (flag)	exact (코드 계약)	"handoff 는 F-flags arm 에서만 활성" 을 항상 병기 (기본 경로는 여전히 즉시 종료)	"환경이 (무조건) handoff 를 갖는다"	—	no
C013	boxed 상태의 주 병목은 접촉(engagement) resolver 부재였다: A 침투 1.000 / C1(종료억제) 0.941 / C2(+resolver) 0.235	docs/53 §4.5b	docs/53 §4.3-4.5b, docs/54 §0.1	ACTIVE	3-arm 감사, boxed 17판	results/boxed_arm_audit*.json	boxed_arm_audit.py; env_sys.py:239(commit bit), _resolve_contacts	legacy->R1 전환 근거	intervention (arm 분해)	17판·intercept·A2·프로토타입 한정	C2 수치(0.706/0.235)를 성능으로 (endpoint 산물, C2R 에서 대체됨)	V2: 프로토타입 수치는 endpoint 검출 산물 (docs/54 §3.1)	no
C014	V2 판정 2줄: primary numerical replication FAIL (대역 ±0.15 밖) / preregistered mechanistic attribution PASS (swept 축 사건단위 귀속, 누수 없음)	docs/54 §3.1	docs/54 §3.1, docs/55 §1	ACTIVE	C2R vs C2, 17판 사건 대조	results/boxed_arm_audit_v2.json	env_sys._resolve_contacts (_seg_min_dist swept); r_contact 키	R1	exact replay + 사건 귀속	두 줄을 반드시 분리 보고	"V2 통과"	—	no
C015	C2R 무력화 1.000 은 Pk=1 contact-event semantics check 이지 성능 추정치가 아니다	docs/54 §3.1 잔여 caveat	docs/54 §3.1	ACTIVE	—	동일	env_sys._bern (p_kill=1 단락)	R1	semantics check	—	1.000 을 boxed 일반 포획확률로	Pk sweep 곡선 (§3.2B)	no
C016	chord-swept 는 이산 환경의 선택된 event contract 다; 두 보간 규약에서 16/17 판정 일치(ep19 경계). 실제 연속 물리 접촉 인증 아님. (0.033 오차상한 논법은 철회 — 적분기 semi-implicit Euler)	"15/17 강건" + 0.033 상한	docs/54 §3.2(A), docs/55 §3	DOWNGRADED (상한 논법은 RETRACTED)	contact_exact_audit, 자기검사 2회 FAIL 후 원인 확정	results/contact_exact_audit.json	sim/analytic.py:123-129 (semi-implicit Euler); env_sys._seg_min_dist	R1	sensitivity (two-convention comparison)	"두 규약 판정 일치 16/17" 까지	"chord false positive 없음 증명"; 0.033 상한 인용; "3건 철회 기준" 을 사전등록 게이트로	적분기가 이차 재구성 가정 위반	no
C017	Pk sweep = resolver sanity + 임무 민감도: event kill 빈도가 Pk 이항 CI 안(전 구간), 중간 Pk 에서 순차 접촉 재시도 효과 +0.12~0.13 관측(상수 아님, Pk=1 포화). 물리적 lethality calibration 아님	docs/54 §3.2(B)	docs/54 §3.2(B)	ACTIVE	boxed 17판 x Pk 5 x seed 3	results/pk_sweep_audit.json	env_sys._bern; PK_FAIL=소모 계약	R1	sanity + observation	재시도 = 서로 다른 limiter 순차 접촉임을 병기	재시도 효과를 일반식/상수로; 곡선을 실제 lethality 로	—	no
C018	R1 event = 근접 kinetic engagement opportunity (판정 B); NK veto 적용은 비준 계약과 정합 (provenance 3/3 사전 존재). "현행 비준·구현 계약에서" 한정	docs/57 §2	docs/57 §2, docs/58 §2	ACTIVE	roles.py:26 주석(45ab93d, 06-26), docs/29 §13 (07-27)	커밋 대장 docs/58 §2	env_sys._resolve_contacts docstring; roles.py:26	R1	provenance audit	물리적 진실 주장 아님; 충돌 물리 부재 = A 반증 아님	"contact = 물리 충돌"; "실제 시스템에서도 B 다"	리뷰 4: 미구현일 수도	yes — contact->engagement rename chore 미실행 (코드 키 잔존)
C019	저장된 miss 7판·선언 budget·Pk=1 에서 어떤 arm 도 침투를 못 막았다; 발견된 접촉 11건 전부 NK veto. 물리적 회복 불가능 인증 아님	docs/56 §9	docs/56 §9.1-9.3	ACTIVE	2x2 CEM probe, P83 8/8 green, clean HEAD d8b9e3e	results/recoverability_probe.json	scripts (recoverability probe); §7.1 상수	R1+R2 (F-flags), legacy 스케일	budget-한정 반증 probe	"해당 7판·현 budget 에서 NK 밖 contact 미발견" 까지; ORC≻INT·TP≻T0 는 도달성 수준 부수 관측	"kinematics 병목 아님" 일반화; "허용된 접촉 불가능"; 물리적 불가능	—	no
C020	발사 후 latest-start sweep 35/35 실패는 planner 표현력·proxy 정렬·budget 과 구분되지 않는다 (창이 닫힘 가설·pre-fire 환원·비단조=이질성 전부 철회)	"발사 시점에 이미 창이 닫혀 있었다"	docs/57 §4 (철회 반영), docs/58 §1·§3	DOWNGRADED	35 point CEM sweep	results/latest_start_sweep.json	동일 CEM 스택	R1+R2, legacy 스케일	budget-한정 관측	docs/57 §4.3 허용 문장 그대로	"창이 닫혔다"; "pre-fire 로 환원됐다"; "비단조 = 상태별 이질성"	리뷰 4 §2·§3 기각	no
C021	P2′(NK-aware proxy·seed10·budget 3.3x)에서도 NK-밖 접근은 요격 반경 1.28배 밖 — "proxy 가 NK-안 유도" 대안 설명은 이 표본에서 반증됨. 인증 아님	docs/58 §4.1	docs/58 §4-4.1	ACTIVE	7판 병렬 샤드	results/p2prime_ep*.json (+미커밋 .log)	NK-aware lexicographic proxy (_proxy_score_nk)	R1+R2, legacy 스케일	adversarial refutation (1축)	7판·open-loop CEM K=4 한정; 잔여 대안(표현력·replan 부재) 명기	"post-fire 창 부재 인증"	—	no
C022	pre-fire(fire−5) 개입에서 ep35 1/7 이 net 비행 중 NK-밖 무력화 달성 — 캠페인 최초 실증. fallback = 사전 safe kinetic geometry 준비 문제라는 해석의 실증 1건	docs/58 §6.1	docs/58 §6-6.1	ACTIVE	full-fidelity closed-loop, 커밋 7f8d56b	results/prefire_ep*.json	full env rollout + NK-aware CEM	R1+R2, legacy 스케일	witness (1건)	1/7·무반응 A2·privileged·budget 한정; NET_CAPTURE 0건 병기	"shepherding 성공"; 일반 가능/불가능 결론	나머지 6판 실패	no
C023	legacy A2 계약에서 0.75m 밖 limiter 배치는 공격자 행동에 직접 인과효과가 없다 (42/42 bit 동일 + positive control 14/14) -> legacy 계약에서 shepherding(행동 유도) 주장은 검정 불가	docs/58 §7.1	docs/58 §7-7.1, docs/60 §0	ACTIVE	P84 manipulation check	results/coupling_gate.json	env.py:346 repel_margin=1.0; adversary repel 경로	legacy A2	intervention + positive control	fire_mode="never" 격리 조건 병기 (v_shot 경유 간접 채널은 별도)	"legacy 결과가 shepherding 을 반증"(검정 자체가 불가였음)	—	no
C024	v2 스케일(300m·800스텝)에서 hold 기저선은 legacy 와 근사(15/85 vs 16/84) — 새 대응시간을 아무도 안 쓴다. 기존 결론 전부는 "legacy small-scale regime" 한정으로 재스코프	docs/59 §0·§3.2	docs/59	ACTIVE	V4-800 n=100	results/scale_v2_baseline*.json(+log 미커밋)	scale_v2.py SCALE_V2_CFG; P85/P86	v2	observation (baseline)	"폐기가 아니라 regime 한정" 프레임 유지	legacy 수치와 v2 수치를 같은 표에 (P78 동형 금지)	—	no
C025	ep1 의 NK-밖 자연 발생 fallback 창(준정지 1.25m/s @ d_asset 16.1m)은 단일 에피소드 육안+수치 관찰이다	docs/59 §3.2	docs/59 §3.2	ACTIVE	V4-800 ep1 추적	뷰어 artifact + 수치	—	v2	observation (n=1)	"자연 발생 사례 1건 관측" 까지	"v2 에서 NK-밖 창이 일반적으로 열린다"	—	no
C026	위협 v3 게이트: P87(NESTING bit) P88(방향성 causal channel — controllability) P89(능력/saturation) P90(침투 보존) P91a(등방성) 전부 green; P91b 는 1차 FAIL(공면 tie-break 비공변) -> 교정 -> PASS (분리 기록)	docs/60 §5.1	docs/60 §5.1, docs/62 §1-3	ACTIVE	nominal 게이트 실행	results/threat_v3_*.json	agents/attacker_ladder.py:171-268 (_route_accel angular-gap, +z tie-break :251)	v3 NOMINAL	engineering gates + intervention (P88)	P88 은 controllability 지 natural occupancy 아님 (P94 가 후자); P91b 는 FAIL->PASS 병합 서술 금지	"P88 = shepherding 신호 확보"; 이 교정 선례를 threat tuning 면허로	—	no
C027	V6 는 sanity 전용: z-지배 0.81 은 route 의 z "요청" 수치이지 침투 실현 기전 증거가 아니다 (V7 육안 판독 정정: ep1 vertical move = 관성+jink)	"vertical escape 실재 (FULL z-지배 0.81)"	docs/60 §5.2-5.3	DOWNGRADED	V6 n=300 + V7 육안	results/v6_*.json, artifact 0a31f6b9	viewer + route z 성분	v3 NOMINAL	observation (descriptive)	route 인과 귀속은 paired ablation 로만 (P94 가 그 역할)	arm 간 차분을 위협 효과로 귀속; z-지배를 실현 기전으로	V7 판독 ①	no
C028	P94 GREEN: V3-FULL NOMINAL 자연 상태에서 route ON/OFF paired 50판 중 발산>=1m 46판, label 변화 7, fire 변화 5 — "학습 가능한 shepherding channel" 명칭 제한 해제 (학습이 실제 이용하는지는 미검)	docs/61 §5.1 (감사 세션 중 커밋 6dccf93)	docs/61 §5.1, docs/62 §2	ACTIVE	paired CRN ablation, 판정식 커밋 f5c75b6 은 결과 전	results/threat_v3_p94.json	P94 러너 (커밋 f5c75b6); route on/off paired	v3 NOMINAL	intervention (paired, natural-state)	"channel 이 자연 상태에서 측정 가능한 인과효과" 까지; MARL 이용 여부는 static/active 대조 몫	"MARL 이 shepherding 을 학습할 수 있는 충분한 신호가 확보됐다" 는 여전히 과함 (docs/62 금지 문장의 잔여 절반)	label 변화는 14% (7/50)	no
C029	docs/61 TRAIN 분포 r1 (3x3 stratification·IID/OOD·lexicographic endpoint) 은 Hyunjun 비준 대기; P92/P93/P95 미실행; scripted baseline 동결 문서 docs/63 미작성	docs/61	docs/61, docs/62 §4	PENDING	—	—	scale_v2.draw_threat_v3 (미배선)	v3 TRAIN (예정)	—	비준·게이트 전 학습 금지; 분포는 balanced experimental design (최소 가정 아님)	"TRAIN 범위가 nominal 과 독립"; "최소 가정 분포"	—	yes — 비준 + P92/93/95 + docs/63
C030	R2 국면 전환 기제는 작동 검증됨(P81 + V3b (ii)); 그러나 miss 후 scripted 폴백 무력화는 0/7 로 미실증 — 원인 5종 미판정 (이후 사슬: pre-fire 에서 1건 실증)	docs/54 V3b	docs/54 V3/V3b, docs/58 §6.1	ACTIVE	handoff_audit n=100x2	results/handoff_audit.json	env_sys.py:304-316; handoff_audit	R2	기제 검증 + 음성 관측	"transition 은 구현됐으나 scripted 폴백 무력화 미실증" 두 절 분리	"전술 난이도 신호"(리뷰 3 기각); "폴백 작동"(성능 의미로)	원인 (i)~(v) 교락	no
G01	[GAP] env.py docstring "captured iff v_shot_soft >= capture_thresh" 는 실제 capture rule 과 다르다 — capture_thresh 는 저장만 되고 안 읽힘 (DEAD)	env.py:84-89 주석	params.py:220 (DEAD 등재)	CONFLICT(문서화됨)	코드 판독	—	env.py:89 (저장), :320 (실제 rule)	all	exact	params 레지스트리가 이미 문서화 — env.py 동결이라 수정 대신 문서	docstring 을 근거로 capture_thresh 인용	—	no (등재 완료 상태 유지)
G02	[GAP] "contact" 명칭(코드 키 contact_resolver/r_contact/"contacts" info) vs 비준 의미 "engagement" — rename chore 선언 후 미실행	docs/57 §2.1	docs/57 §2.1	PENDING	—	—	env_sys.py 전반 키 이름	R1	—	docstring 에 의미 고정됨 (env_sys:410-415) — 신규 문서는 engagement 로	"contact = 충돌" 함의 사용	—	yes — chore 커밋
G03	[GAP] docs/56 §6.2 등에서 "CONTACT_NEUTRALIZATION" 을 terminal 라벨처럼 표기하나 mission_rollout LABELS 에 그 라벨은 없다 (contact kill 은 HARD_KILL 로 채점, source 로만 분리)	docs/56 §6.2, docs/58 §6	mission_rollout.py:55	RESOLVED(2026-08-08)	코드 판독	—	mission_rollout.py:55, env_sys CommitRecord.source	R1	exact	docs/56 §6 에 표기 정정 블록 추가 완료 (분석 카테고리 명시; docs/58 은 기존 =HARD_KILL 주석) — 신규 문서는 처음부터 라벨 아님 표기	CONTACT_NEUTRALIZATION 을 env 라벨로 인용	—	no — 주석 완료 (rename 자체는 G02 chore)
G04	[GAP] docs/50 §5(B):183 에 정정 9 로 철회된 "스파인을 깨는 하드킬로 도망간다" 문구가 논문 후보 문장 안에 잔존	docs/50:183	docs/50 §5 vs §1.3	RESOLVED(2026-08-08)	—	—	—	legacy	—	§5(B):183 취소선+정정 주석 반영 완료 — 논문 후보 문장은 앞 두 절(조준→발사 기회)까지만	해당 문장 그대로 논문 인용	정정 9	no — 수정 완료 (커밋 참조)
G05	[GAP] docs/48 §5 "스크립트 발사 규칙은 특권적이다" 는 §10.2 에서 "틀렸다" 로 정정됐으나 §5 본문에 정정 표시가 없다	docs/48 §5 vs §10.2	docs/48	RESOLVED(2026-08-08)	fire_audit probe (신호가 관측에 있음)	—	obs[60]	legacy	—	§5 원문 취소선+§10.2 정정 표시 반영 완료	§5 원문 단독 인용	§10.2	no — 수정 완료
C031	관측된 잔여 조준 오차 psi_med=4.26deg 가 운동학 경계(a*=39.33)보다 이른 실질 경계(22.45)와 결부된다. 그러나 원인 미해결이며 nominal slew-rate cap 은 원인으로 지지되지 않는다. E1(2026-08-13): T0 반사실 0/500, 등록 T1 확장 1/500 rescue (delta +0.002, CI95 [0.000,0.006]) -> 사전등록 규칙상 slew-민감 채널 존재는 INCONCLUSIVE; high-chi (registered E1 sample n=297) 은 0 rescue	"두 번째 경계가 예측->검증까지 닫혔다 / 유한 조준 각속도가 먼저 구속한다" (docs/45 §0, §9)	docs/45 §0·§9 (원주장) vs docs/51 §9 (반증) / docs/83 (정정·사전등록)	DOWNGRADED	T0 paired counterfactual n=500 omega 2.0->1e6: rescued 0 / broken 0, diff 0.0 CI [0,0] (results/slew_counterfactual.json). E1 T1 확장 n=500 동일 CRN: 84->85, rescued 1 / broken 0, diff +0.002 CI95 [0.000,0.006], passes=False (results/e1_t1_slew_counterfactual.json, prereg_commit eea7180)	results/slew_counterfactual.json (paired['고정·ω2.0 -> 고정·ω∞'])	shepherd/scripts/mobility_factorial.py:68-70,76,181-182 (ratified_system · A2 jink 0.6 = T0 · hold · mobility 0)	R1/R2 ratified (legacy 아님) · M4 legacy geometry	exact (paired, 양방향 flip 0)	T0 hold 고정-finisher 한정. 기하 관계 a*(psi)=2d(tan(theta)-psi)/tau^2 자체는 원인과 무관하게 유효. 'aiming-limited' 구간명 유지 가능 ★ LINEAGE CAVEAT (2026-08-13, docs/83 §12A): psi_med=4.26 은 **no-fire audit world** (slew_audit: _zero_commit + clean_threshold_crossed=False 하드코딩, SystemSpec 구계약) 에서 측정된 historical metric 이고, 곡선(22.45)은 ratified fire 세계에서 나왔다. 두 값의 lineage 가 다르므로 '동일 rollout 에서 독립 측정' 표현 금지. 정본 = 'the empirical boundary remained approximately stable, while a separate no-fire aiming audit reported the same median residual angle under its registered audit configuration.' E1b 가 처음으로 둘을 같은 세계에 묶는다	'finite slew binds first' / 'slew-limited' / '조준 각속도 경계를 검증했다' / spine 에 'tau x 겨냥 각속도' / (반대로) 'slew dynamics 는 무관하다'(cap 한정을 넘는 일반화)	results/slew_counterfactual.json — omega=inf 에서 0/500 flip (docs/45 §9 의 인과 귀속을 반증). 08-01 주장 vs 08-05 반사실이 08-13 까지 미연결 상태였음	yes — E1b (psi 분포 paired 비교 + per-episode records 영속화). E1 판정은 E1b 결과와 무관하게 불변. rescue 1건 위치 분석은 post-result diagnostic localization 등급 (confirmatory 승격 금지)
C032	a >= a*(39.33) 구간의 net capture 0 은 **발사 후 실패가 아니라 게이트 기권**이다. E1c: a_att >= 32.2 에서 발사 0/350 (발사한 최대 a_att = 32.15). 따라서 그 zero 들은 post-commit net failure 의 독립적 실증이 아니다 (censored). 또 practical collapse 는 P(F|a) 와 P(C|F,a) 의 **동시 붕괴**(경우 3)다	"39.3 위 0/1635(T0) · 0/1598(T1) 이 analytic 경계를 실측 검증했다" (KSAS draft §2.2-2.3 · docs/45 계열 서술)	docs/83 §14 (E1c) / 원 서술 = docs/45 · KSAS 본문 draft	DOWNGRADED	E1c n=500 T1 hold omega=2.0: P(F|a) = 1.000 / 0.920 / 0.388 / 0.000 (bins 11-18.1 / 18.1-25.2 / 25.2-32.2 / 32.2-39.3); P(C|F,a) = 1.000 / 0.652 / 0.105 / 정의불가. a>=32.2 발사 0/350	results/e1c_fire_decomp.json (+ .log)	shepherd/scripts/e1c_fire_decomp.py; fire gate = finisher_fsm.py:85 (v_shot_soft >= theta_fire 0.9)	R1/R2 ratified · M4 legacy geometry · T1 (route 0.5 / sense 30)	EXPLORATORY / post-result diagnostic (n=500, E1b 이후 세운 가설)	정본 = 'No net captures were observed above the analytic outer bound; however, the registered fire gate issued no shots in this regime, so these outcomes do not constitute an independent empirical test of post-commit net failure.' 국소 기하 예산(rho 1.770 -> 1.380 -> slack 1.103, 2*slack/tau^2 = 24.5 vs 관측 22.4-22.9)은 'diagnostically reconciles much of the gap' 까지만	'analytic boundary above which 0/1598 shots failed' / '0/1598 이 analytic 경계를 실측 검증' / '39.3 위에서 쏴서 다 실패했다' / '22.45 의 원인을 거의 전부 설명했다' / 'ax 안정성은 selection artifact 가 아니다'(게이트가 유리 기하를 고르므로 pin 될 수 있음)	—	yes — E1d state-conditioned forced-commit counterfactual (do(F=1), 동일 snapshot clone) 로 gate 와 terminal physics 를 분리. 순서상 E2-B 이후 필요 시 사전등록
C033	현행 하드킬은 **explicit kamikaze commit controller 가 아니라 continuous pursuit + geometric contact resolver** 로 동작한다. 커밋 기하 문턱 margin = r_commit + 0.5*(a_lim - a_att)*tau_kill^2 이 0.22~0.42 m 인데 접촉 resolver 는 r_contact = 0.75 m 에서 먼저 해결하므로, limiter 가 margin 안까지 들어가기 전에 접촉으로 판정이 끝난다 => scripted commit 경로가 사실상 사문	(신규 발견 — 기존 서술 없음. docs/29 §12.3 은 intercept arm 을 '그냥 박는다' 로 기술)	docs/83 §18 부수 발견 / 코드 = env_sys.py:314-315 (margin) vs :428+ (_resolve_contacts)	ACTIVE	덤프 3 개 하드킬 에피소드 전부 source='contact' (ep3 d_nom 0.423 / ep9 0.709 / ep12 0.551, margin 0.218/0.424/0.339). E3 스모크 n=20 에서 커밋 limiter 수 중앙값 0.0/4	results/viz_traj_t1_hk.json (commits[].source) · results/e3_oracle.json (n_committed)	shepherd/env_sys.py:314-315 · shepherd/scripts/mission_rollout.py:114 intercept_limiter	R1/R2 ratified · M4 legacy geometry · T1 · limiter_mode=intercept + baseline_commit	관측 (덤프 3/3 + 스모크 n=20; 대규모 확인은 E3 full)	논문·문서에서 현행 하드킬을 'contact-based physical neutralization' 으로 기술한다. margin 식과 r_contact 는 의미가 다른 두 반경이며 현 운용점에서 전자가 후자보다 작아 비활성이다	'limiter 가 자폭을 결정했다' / 'explicit kamikaze commit' / '커밋 기하 판정이 하드킬을 만든다' — 현행 실행 경로와 불일치	—	yes — semantic cleanup 대상 (E3 headline 과 분리). E3 full 에서 n_committed 분포로 대규모 확인 후 docs/29 §12.3 표기 정정
C034	현행 all-chase baseline 은 사용되지 않은 pathwise 요격 기회를 상당량 남긴다. 4 기가 방위로는 분산(115.8 deg)돼 있으나 시간축에서는 사실상 **단일 요격 층**이다 (range(t_min) 중앙값 0.125 s, 93.7% 가 0.3 s 이내)	(신규 — 기존에 24% 하드킬을 능력 상한처럼 읽던 서술을 대체)	docs/83 §18 (사전등록) · §19 (판정 B)	ACTIVE	E3 n=300: P(d_actual<=0.75)=0.043 [0.025,0.073] vs P(d_oracle<=0.75)=0.883 [0.842,0.915]; paired delta 중앙값 -1.262 m CI95 [-1.389,-1.201]; E[가능 limiter 수]=2.84/4; 침투 203 건은 중앙값 4.0/4	results/e3_oracle.json (+ .log)	shepherd/scripts/e3_oracle.py; oracle = min_t max(0,|p_A(t)-(p_L0+v_L0 t)|-R(t)), R=contact_reachability.reach_radius	R1/R2 ratified · M4 legacy geometry · T1 · intercept + baseline_commit	hindsight pathwise reachability on the **realized** attacker trajectory (drift-center 근사로 낙관 방향)	최대 표현 = 'There is substantial unused pathwise interception opportunity, but the baseline concentrates those opportunities into a single temporal layer.' secondary: net-friendly geometry != kinetic-friendly geometry (CAPTURED 40 건은 oracle 가능 중앙값 0/4)	'a realizable causal role-assignment policy would succeed' / 'assignment 가 causal solution' / '학습이 필요하다' / '기체 capability 가 부족하다' — 전부 이 증거로는 불가	—	yes — E4-1 temporal stagger only (docs/83 §20, 사전등록 완료·미실행). primary 는 HK 가 아니라 mechanism(range(t_min)) 이다
C035	동일 물리·attacker·ring·contact radius·PIP family 에서 **timing target 만** 바꿔 하드킬이 0.190 -> 0.253 (paired +0.0633, CI95 [+0.0167,+0.1100]). 따라서 registered physical capability 만으로 19% 가 고정되는 것은 아니다. 단 **기전은 미확립** — 사전등록 mechanism endpoint(range(t_min) paired 중앙값)가 양자화로 0 이 나와 gate 미충족	(신규. 'a_lim=0.35*a_att 라 마지막 거리를 물리적으로 못 좁힌다' 는 capability 설명을 약화)	docs/83 §20 (사전등록) · §21 (판정)	ACTIVE	E4-1 n=300/arm. D=0.125 (해석 가능 arm, clamp 16.7%): HK 0.190->0.253, paired +0.0633 CI [+0.0167,+0.1100]; ΔP_net -0.0100 CI [-0.0233,+0.0000]. 동결 primary Δrange(t_min) 중앙값 +0.000 CI [0,0] -> **mechanism gate NOT MET**. post-hoc: 증가 44.0%/불변 33.7%/감소 22.3%, paired mean +0.0253 s	results/e4_stagger.json (+ .log)	shepherd/scripts/e4_stagger.py; intercept_limiter(lead_delta=), aim = p_att + v_att*max(0, t_lead+delta)	R1/R2 ratified · M4 legacy geometry · T1 · intercept + baseline_commit · balanced permutation PERMS[ep%24]	outcome MEASURED (prospective, 결과 전 동결) / mechanism UNRESOLVED	정본 = 'mechanism gate NOT MET / outcome POSITIVE / attribution UNRESOLVED'. D=0.25 는 clamp 98% 라 'horizon staggering with a zero lower bound' 로 격리하고 dose-response 로 읽지 않는다. unclamped n=250 분석은 treatment-induced subset 이라 descriptive 이상 승격 금지	'S2' / 'temporal staggering 이 성공했다' / 'temporal diversification 이 causal mechanism 이다' / '0.190->0.253->0.273 은 dose-response' / 'trade-off 를 증명했다'	동결 primary(paired median)가 0 -> gate 미충족. 양자화 endpoint 설계 결함(자기신고)	yes — E4-1b (clamp 없는 matched-mean 설계: control delta=D/2 vs diverse {0,D/3,2D/3,D}; primary = paired **mean** difference). 새 데이터에 새 prereg 필요
C036	modality gap 은 **regime 수준**에서 확립됐다: 표적 기동성이 오를수록 net capture 는 붕괴(BAND 0.006 / high-chi 0.000)하는데 physical contact interception 은 상당수 존속(0.234 / 0.243). E2-B prospective counterfactual 이 'net 이 먼저 성공해 하드킬 기회를 가렸다' 는 설명을 반증(Delta_comp=0, n01=n10=0)	(신규 — C_net ⊊ C_physical 을 state-wise 포함관계로 쓰려던 초기 서술을 대체)	docs/83 §23 (claim level 3 분) · §16 (E2-B) · §19.4 (E3 secondary)	ACTIVE	T1 intercept n=2700: EASY net 0.717/HK 0.063 · BAND_AIM 0.006/0.234 · chi>=1 0.000/0.243. E2-B sham-net: Delta_comp +0.0000 CI [0,0], 426 건 중 전환 0	results/curve_intercept_reactive.json · results/e2b_intercept_shamnet.json · results/e3_oracle.json	shepherd/scripts/curve_sweep.py --sham-net · shepherd/env_sys.py capture_terminates	R1/R2 ratified · M4 legacy geometry · T1 · intercept + baseline_commit	Level 1(성공곡선 regime 의존성 상이) 확립 · Level 2(net 붕괴 구간에서 물리 요격 존속) 강하게 지지 · **Level 3(동일 commit state z 에서 z 는 C_net 밖이면서 C_physical 안) 미확립**	정본 = 'A pronounced modality gap was observed: as target maneuverability increased, non-destructive net capture collapsed while physical contact interception remained substantial. A prospective sham-net counterfactual showed that this separation was not caused by net capture censoring subsequent hard-kill opportunities.' 용어는 set inclusion 이 아니라 **modality separation / modality gap**	'We prove that every state outside the net-capture set remains kinetically interceptable' / C_net ⊊ C_physical 을 state-wise 명제로 서술 / chi>=1 analytic bound 와 0-vs-24.3% outcome separation 을 **동일 증거**로 합치기	E3: CAPTURED 40 건은 oracle 가능 중앙값 0/4, 침투는 4/4 -> 포함관계보다 **부분적으로 상보적인 operating regions** 에 가깝다	yes — Level 3 는 state-conditioned counterfactual (동일 snapshot 에서 modality 만 교체) 필요
C037	동결 baseline 의 constant-bearing PIP 는 jinking 표적에 대해 체계적으로 under-lead 한다. 주입 dispersion 을 구조적으로 0 으로 둔 채 lead horizon 에 균일 스칼라 δ=0.125 s 만 더하면 하드킬이 0.177 -> 0.367 (paired +0.1900 CI95 [+0.1333,+0.2467]). δ=0.25 는 오히려 감소 -> 내부 최적	(신규 — E4-1 의 이득을 'temporal staggering' 으로 읽던 서술을 대체)	docs/83 §26 (사전등록) · §27 (판정 U3)	ACTIVE	E4-1c n=300/arm, fresh seed 30000..30299. P_HK 0.1767 [0.138,0.224] / 0.3667 [0.314,0.423] / 0.3133 [0.263,0.368]. paired 0.125 vs 0 = +0.1900 [+0.1333,+0.2467]; 0.25 vs 0 = +0.1367 [+0.0633,+0.2067]; 0.25 vs 0.125 = -0.0533 [-0.1200,+0.0100] (0 포함). clamp 세 arm 전부 0.000 (delta>=0 이라 구조적 불가). P_net 단조 감소 0.177/0.127/0.100	results/e4c_uniform.json (+ .log)	shepherd/scripts/e4c_uniform_lead.py; e4_stagger.deltas_for(design='uniform') -> [D]*4; intercept_limiter(lead_delta=)	R1/R2 ratified · M4 legacy geometry · T1 · intercept + baseline_commit	prospective (§26.4 판정표 결과 전 동결, 스크립트가 자동 적용) · fresh seed block	정본 = 'A one-dimensional recalibration of the pursuit lead horizon (delta=0.125 s, applied uniformly with zero injected temporal dispersion) nearly doubled hard-kill, 0.177 -> 0.367. Combined with the matched-mean result of E4-1b, the effect is attributable to the mean lead horizon, not to temporal diversification.' frozen strong pursuit baseline := uniform delta=0.125 (E4-2 의 control)	'학습된 정책' / 'temporal staggering 이 유효했다' / '지역수비를 구현했다' / delta 를 학습 산물로 서술 — delta 는 고정 휴리스틱의 스칼라 하이퍼파라미터다	이전 모든 baseline (C034·C035 포함) 이 자기 튜닝 최적점이 아닌 운용점에서 측정됐음을 함의한다 (자기신고). '19% 는 능력 상한' 류 서술은 이 사실만으로 약화된다	yes — E4-2 는 naive 0.19 가 아니라 이 delta=0.125 arm (P_HK 0.367) 을 control 로 써야 한다 (§26.5·§27.5)
C038	강제 커밋을 더 큰 축방향 footprint 로 옮기면 net capture 경계가 넓어지는 게 아니라 붕괴한다 (ax 6.49->7.89 에서 0.240 -> 0.040). 국소 cone 기하 benchmark 는 현 운용점은 재현하나(29.95 vs 31.06) 외삽에 실패한다 — far-edge range 절단 항이 누락됐기 때문	(신규 — '더 큰 ax = 더 넓은 capture 경계' 라는 국소 cone 기하 외삽을 반증)	docs/83 §15 (사전등록) · §28 (판정: primary REFUTED)	ACTIVE	E1d n=300/arm, 제외 0, 발사 300/300. D-a(ax 6.4913, psi 0deg) P(cap) 0.240 [0.195,0.291] a*50=29.95 (benchmark 31.06, -3.6%); D-b(ax 7.8914, psi 0deg) 0.040 [0.023,0.069] a*50 정의 불가 (bin별 [0.385,0.077,0,0,0,0,0,0]); D-c(ax 7.9185, psi 3.50deg, omega=inf) 0.040 — D-b 와 300/300 라벨 동일·포획 집합 동일. 축방향 binding 비율 0.610(D-a) vs 0.963(D-b/c)	results/e1d.json (+ .log)	shepherd/scripts/e1d_commit_geom.py; shepherd/env_sys.py force_commit_step (=_step_i 규약 1-based) + perfect_aim_at_commit; 회귀 tests/test_e1d_force_commit.py 4/4	R1/R2 ratified · M4 legacy geometry · T1 · hold + forced commit only (fire gate 우회) · two-pass replay	primary 는 prospective (§15.5 결과 전 동결) 이고 REFUTED · 보정 법칙 a* = 2*min(ax*tan(theta), R_max-ax)/tau^2 는 **사후(post-hoc)** — 같은 데이터에서 도출	정본 = 'The registered directional prediction was refuted: moving the forced commit to a larger axial footprint collapsed net capture (0.240 -> 0.040) rather than widening the boundary. The local cone-geometry benchmark reproduced the boundary at the near operating point (29.95 vs 31.06) but failed to extrapolate, because it omits the far-edge range truncation that becomes binding as ax -> R_max.' D-c 의 정확한 진술 = '이 운용점에서는 pointing 축이 binding 축이 아니었다'	'ax 가 유일한 원인' / D-b·D-c 의 낮은 포획률을 시스템 성능으로 읽기 (perfect aim 은 실현 불가능한 반사실) / D-c 를 'pointing 비용 없음' 의 증거로 쓰기 / 보정 법칙을 확립된 결과로 서술	보정 법칙은 에피소드 단위 0.993/0.997/0.997 로 맞지만 (기존 식 0.987/0.670/0.663) 이 데이터에서 도출됐다. D-c 무효화는 null 결과가 아니라 축방향 포화에 의한 차폐다	yes — E1e (미실행·사전등록 필요): ax in {5.5, 6.76, 7.5}, primary = a*50 이 ax*=6.764 에서 최대인 역U자, 예측 상한 32.37, seed 31000..31299 (§28.6)
C039	R4 근접거리 측정계 수리 후 재측정: 결과확률은 2400 에피소드 전부 불변(라벨 불일치 0)이고, 근접거리 파생 지표만 정정됐다. C034 의 P(d_actual<=0.75) 는 0.0433 -> 0.1900 (4.4 배) 이나 oracle 측 0.8833 은 무영향이라 결론은 유지. E4-1b M4 는 등록 primary 가 R4 후에도 strictly>0 이라 완전 복원	(신규 — 주차 오염으로 접촉 스텝의 최소거리가 소실되던 결함의 정정 기록)	docs/83 §29 (계약) · §30 (정정)	ACTIVE	E3/E4-1/E4-1b/E4-1c 원 seed·원 n 재측정. 게이트: 라벨 불일치 0/2400. C034 0.0433->0.1900, 하드킬 중 d>r_contact 44/57 -> 0/57, oracle 0.8833 불변, E[reachable] 2.837 불변. E3 range(t_min) med 0.125->0.150 (<=0.3s 0.953 불변). E4-1 paired median +0.0000 CI[0,0] 불변 -> gate 여전히 NOT MET. E4-1b Δmean +0.0422->+0.0442 CI95 [+0.0248,+0.0643] strictly>0, ΔP_HK -0.0667 불변. p_reach 모순 해소 (잔여 3 건은 커밋 경로 킬, ep228 source='commit' d_nom 0.162 로 검증)	results/e3_oracle_r4.json · e4_stagger_r4.json · e4b_matched_r4.json · e4c_uniform_r4.json (+ .log)	shepherd/env_sys.py lims_post_raw/p_att_post_raw (주차 이전 기록) · recoverability_probe._Driver.d_min/t_min (retired_pre 스냅샷) · 회귀 tests/test_r4_proximity_measurement.py 4/4	R1/R2 ratified · M4 legacy geometry · T1 · intercept + baseline_commit · R4 측정계약	재측정 (새 표본 아님). 결과확률 불변은 캠페인 수준에서 검증됨 (R4-A 확장)	정본 = C034 는 '0.190 vs 0.883' 으로 인용한다. E4-1b M4 는 전체 유효 (PENDING 해제). E4-1 판정과 E4-1c U3 는 무변화	'0.043 vs 0.883' 인용 / R4 를 이유로 동결 판정을 소급 수정 / 커밋 킬 3 건으로 C033 을 뒤집기 / §17 'closest approach 1.4-1.7 m' 인용 (미교정)	lead-time 은 lead_time_diag.py 를 배선하지 않아 재실행이 no-op 이었다 (자기신고, §30.6). 배선 후 재실행 필요	yes — lead-time 재실행 (arm 24/36/48/60, n=300). 완료 전까지 §17 최근접거리 문장 인용 금지
