Dependency	Source	Used by	Path to learning signal	v3 relevance	Active?
layout.limiter_p0 (ring/standby) as Δv_shot baseline	Layout 생성 (make_train_env; v2 ring_center=(50,0,0); v3 FULL 은 apply_standby 가 재기입 spawn_rand.py:294)	env.py:281/275 vbase → :289 delta_headline	delta_headline → J (env.py:364) → env_sys dense_scale 재작성 → buffer.rewards → compute_gae → adv → 양 actor pg loss	standby 활성 시 기준점 = 에피소드별 랜덤 standby 자세 (ring 의존 소멸); V3-C/CS(standby=None)에서는 ring@50 이 기준점으로 잔존	ACTIVE (매 스텝 gradient 도달)
layout.limiter_p0 as COMA counterfactual	동일	env.py:272-288 coma_D → adapter → train_mappo shift-back → buf.coma_D	mappo.update: cfg.coma_mix>0 일 때만 advD 혼합 (mappo.py:380-393). l2_mappo.yaml 에 coma_mix 없음 → 기본 0.0	standby 가 cf 도 재기입 (동일 sync). docs/60 §4.2 의 "COMA cf 의존 감사" 는 코드상 이미 동기화됨 — 단 cf 가 에피소드별 이동	DORMANT_BY_CONFIG (계산·로그만, gradient 미도달; l2_coma*.yaml 2D 레거시 라인에서만 ACTIVE)
ring_center/ring_radius (params train.layout.*)	params.py:197-200; SCALE_V2_CFG overlay	limiter 초기 위치(hold layout) + 위 두 경로	limiter_p0 경유 (위 두 행)	v3 FULL 에서 standby 로 대체; V3-C/CS 는 ring@50 유지	ACTIVE (standby off 팔 한정)
PARK_POSITION (0,0,60)	env_sys.py:79	retire 시 backend teleport (env_sys.py:358-365)	관측 9D 블록 → RunningNorm(train_mappo.py:159, 누적 무망각) → 모든 actor/critic 입력	근거 ① (v_shot 기여 0) 은 v2/v3 기하에서도 성립 (공격자 z 최대 ~23, 거리 >37 m). 근거 ② (정규화 생존 "ring 12배") 는 legacy 회랑 기준 — v2/v3 좌표 ~300 에서 서사 재검토 필요 (docs/59 P51 재검토 등재 유지)	ACTIVE (소모 발생 시)
Δv_shot 순간성 (docs/52 §8.4)	env.py:240-289 (pre-move 상태의 0.3s 탈출집합)	dense J 1항	장기 setup 기동(현재 v_shot 을 낮추는 이동)에 스텝 단위 음의 보상; 장기 이득은 value/GAE 로만 회수	v3 에서 limiter 이동이 attacker 궤적도 바꾸지만(route) Δv_shot 은 그 채널을 즉시 반영 안 함 (사후 상태 경유만)	ACTIVE
lambda1 clean_crossed 보너스	env.py:292/364, l1=1.0	dense J	clean = threshold(0.9) ∧ ¬boxed	theta_fire 0.9 은 legacy cone 보정값 — v3 재보정 여부는 SENSITIVITY	ACTIVE
lambda2 wasted_fire 벌점	FSM miss 해소 (finisher_fsm.py:107) → wasted_inc (env.py:321)	dense J	miss 1회당 −1.0. R2(miss_terminates=False)에서도 이 dense 벌점은 그대로 1회 부과	R2 on 이어도 net miss 가 무벌점 아님 (dense 경유) — 해석 시 명시	ACTIVE
lambda3 limiter_loss (근접 재계수)	env.py:360-361 (매 스텝 pre-move 근접 수)	dense J (−0.5×count/스텝)	접촉 resolver OFF(legacy): 공격자가 kill_radius 안에 머무는 스텝마다 반복 벌점. R1 ON: contact kill→PARK 이후 계수 중단 (veto 시에는 잔존 → NK 구간 반복 벌점 가능)	R1 on/off 에 따라 의미가 다름 — 계약 플래그와 묶어 문서화	ACTIVE
c_lim 소모 벌점 (증분)	env_sys.py:379-385 (P3 수정: new_consumed 만)	M4 보상 재작성	소모 이벤트당 −0.1 1회. VETO 는 미소모 → 무벌점	contact resolver on 이면 접촉 소모도 동일 부과	ACTIVE (RewardSpec.enabled=True 시)
terminal NET_CAPTURE +1.0	env_sys._outcome_label → RewardSpec.terminal	M4 보상	terminal_scale=1.0	—	ACTIVE
terminal HARD_KILL +b_net(1−w_kill)	동일	M4 보상	w_kill=0.5 기본 → +0.5. sweep 축	contact-kill(HARD_KILL 라벨 재사용)도 동일 항	ACTIVE
★ terminal CAPTURE_WITH_CONTACT = 0	env_sys.py 라벨 → RewardSpec.terminal(명시 분기)	M4 보상	[해소 2026-08-08] docs/66 r1 비준 Q1: CWC = nondestructive-capture class, terminal = +b_net (NET_CAPTURE 동일). 우연한 else=0 제거 (커밋 08c7a31, test_terminal_truth_table 이 고정)	B1 trace: 같은 tick destructive KILL 은 항상 HARD_KILL 라벨 → CWC 에 파괴 혼입 없음. 보상/지표 두-술어 divergence 는 보상값 동일로 무해화 (행 12 canonical test)	RESOLVED (2026-08-08)
terminal PENETRATED −1 / TRUNCATED −1	RewardSpec	M4 보상	보상은 절단=미격퇴 벌점, 지표는 우측절단 보존 — 선언된 분리 (docs/26)	episode_len_train 1100 에서 TRUNCATED=0 강제 게이트 (docs/61)	ACTIVE
terminal SPENT_FAIL = 0 (중립)	RewardSpec.terminal else	M4 보상	docs/26 선언 유지. R2 on 이면 SPENT_FAIL 은 종료 라벨로 안 나옴	—	ACTIVE (선언 일치)
SystemSpec.contact_resolver / miss_terminates 미노출	train_m4.build_specs (train_m4.py:448-450) 가 두 플래그를 전달 안 함 → 기본 off	build_m4_env → ModeSystemEnv	★ MARL 재개 시 학습 env 가 R1/R2 이전 계약(비준 비정합 판정된 것)으로 돈다: 접촉 무력화 없음·miss 즉시 종료	v3 frontier 질문과 정면 충돌 — 재배선 전 학습 금지	MARL_BLOCKER
train_m4 env 스택 = legacy 스케일·legacy 공격자	train_m4.py:129 m4_config() · build_specs AttackerSpec(level A1/A2/A3) · SpawnSpec() 기본	build_m4_env	scale_v2/threat_v3/standby/draw_threat_v3 배선 없음 — 현 CLI 로 v3 학습 불가 (조용히 legacy 24m·무반응 A2 로 돌게 됨)	docs/61 P92 배선 + 비준 후 재배선 필요	MARL_BLOCKER (배선 부재)
RunningNorm (관측 정규화)	train_mappo.py:159 norm.normalize(obs, update=True)	모든 actor/critic 입력	누적 무망각 (env_sys PARK 주석 참조). 저장 = obs_norm_*.json	v2/v3 좌표 ~300·episode_len 1100·standby jitter U[8,16]·spawn 방위 랜덤 → 정규화 통계의 스케일/분산 구조가 legacy 와 전혀 다름 (docs/59 등재). 체크포인트 재사용 금지	ACTIVE
threat_obs 2차원	obs_threat.attach_threat_obs (m4_env.py:74)	관측 확장 (a_att, att_speed)	위협 draw 를 정책이 관측 — regime-blind ablation 은 --no-threat-obs	v3 TRAIN 분포축 (route_gain 등) 은 관측에 없음 — 정책은 위협 반응성을 관측 불가 (암묵 domain randomization)	ACTIVE
limiter commit bit (idx3)	M4_LIVE_DIMS → MixedActor Bernoulli	env_sys 커밋 제안 (:276)	ent_coef_limiter=0.0 → 확률 붕괴 위험 (mappo.py:112-120 주석 선언)	standby 기하에서 커밋 기회 분포 변화	ACTIVE
BC aim (bc_lambda)	train_m4 --aim-bc (aux=0.1)	mappo.update L += λ·L_BC (actor 손실 직접)	기본 none → 0.0 → P65 bit-identical	BCa 라인은 legacy 진단용 — v3 재개 시 별도 결정	DORMANT_BY_CONFIG
freeze_limiter/finisher	train_m4 --limiter-policy/--finisher-policy	no_grad + 손실 제외 + KL 제외	기본 (learned,learned) → off	역할분리 재실험 시만	DORMANT_BY_CONFIG
l2_mappo.yaml randomize 블록	config	train_mappo(2C) 만 사용; train_m4 는 rand_cfg=None (train_m4.py:185)	M4 경로에서 무영향 (위협 랜덤화는 m4_config draw 가 담당)	—	DEAD (M4 경로 한정)
adversary 보상 (−J + M4 재작성)	env.py:394, env_sys.py:385 (전 agent 재작성)	아무도 소비 안 함 (공격자는 스크립트)	gradient 미도달	—	DEAD (학습 신호로는)
env.capture_thresh / omega_att_max=8.0	env.py:89/:345	params.py DEAD 등재	미도달	—	DEAD
theta_fire=0.9	roles.FireGate ← params CALIBRATED (legacy 기하 보정)	FSM fire gate → clean_crossed → λ1 + 발사 자체	간접 (게이트가 보상 이벤트 정의)	v2 에서 hold 게이트 붕괴 실측 (fire 19/100, docs/59 §3.1) — 값 자체가 아니라 기하가 원인이었으나, 보정 근거가 legacy 임은 사실	ACTIVE / SENSITIVITY_LATER
